{
  "candidate_count": 2,
  "generated_at": "2026-05-25T03:31:14.036176+00:00",
  "iterations": 100,
  "model_name": "catboost_ctr",
  "model_version": "ctr-20260525T033100Z",
  "predict": {
    "count": 100,
    "max_ms": 21.122398000443354,
    "mean_ms": 17.575165280068177,
    "p50_ms": 17.625484000745928,
    "p95_ms": 18.35018699784996,
    "p99_ms": 20.28713699837681
  },
  "rank": {
    "count": 100,
    "max_ms": 22.51215000069351,
    "mean_ms": 17.714155800058506,
    "p50_ms": 17.73090200003935,
    "p95_ms": 18.617037996591534,
    "p99_ms": 20.279393000237178
  },
  "target": {
    "p99_ms": 50.0
  },
  "warmup": 20
}
