{
  "candidate_count": 2,
  "generated_at": "2026-05-25T02:36:52.056409+00:00",
  "iterations": 20,
  "model_name": "catboost_ctr",
  "model_version": "ctr-20260525T023649Z",
  "predict": {
    "count": 20,
    "max_ms": 18.38211200083606,
    "mean_ms": 18.099306249496294,
    "p50_ms": 18.096431998856133,
    "p95_ms": 18.274357997142943,
    "p99_ms": 18.38211200083606
  },
  "rank": {
    "count": 20,
    "max_ms": 18.351934999373043,
    "mean_ms": 18.170941999596835,
    "p50_ms": 18.165191999287345,
    "p95_ms": 18.318952999834437,
    "p99_ms": 18.351934999373043
  },
  "target": {
    "p99_ms": 50.0
  },
  "warmup": 2
}
